,German,English
0,Ich,I
1,ist,is
2,ich,I
3,nicht,not
4,Sie,She
5,du,you
6,das,the
7,die,the
8,es,it
9,und,and
10,der,the
11,zu,to
12,sie,she
13,Das,The
14,ein,a
15,in,in
16,wir,we
17,Du,You
18,mir,me
19,mit,with
20,Was,What
21,den,the
22,mich,me
23,was,What
24,auf,on
25,dass,that
26,er,he
27,eine,one
28,Es,It
29,hat,has
30,Wir,We
31,Und,And
32,so,so
33,sind,are
34,von,from
35,dich,you
36,war,was
37,haben,have
38,für,for
39,Ja,Yes
40,hier,here
41,an,to
42,habe,have
43,Er,He
44,bin,am
45,wie,How
46,noch,still
47,dir,you
48,uns,us
49,sich,itself
50,Die,The
51,nur,only
52,einen,a
53,Nein,No
54,dem,dem
55,ihn,him
56,auch,also
57,hast,have
58,sein,be
59,ihr,her
60,da,there
61,aus,out of
62,kann,can
63,aber,but
64,Aber,But
65,schon,already
66,wenn,if
67,wird,becomes
68,um,around
69,Wie,How
70,als,as
71,bist,are
72,im,in the
73,mal,just
74,doch,but
75,gut,good
76,meine,mine
77,jetzt,now
78,weiß,white
79,Wenn,If
80,werden,become
81,Der,The
82,nach,after
83,ja,Yes
84,Oh,Oh
85,oder,or
86,dann,then
87,will,wants
88,mein,my
89,mehr,more
90,keine,no
91,etwas,something
92,alles,everything
93,muss,must
94,immer,always
95,nichts,nothing
96,man,man
97,wieder,again
98,bei,at
99,hab,have
100,machen,make
101,vor,before
102,Mann,Man
103,ihm,him
104,einem,one
105,tun,do
106,zum,for the
107,können,can
108,sagen,say
109,werde,become
110,denn,because
111,Ist,Is
112,Ein,A
113,Warum,Why
114,einer,one
115,gehen,go
116,sehen,see
117,sehr,very
118,geht,goes
119,alle,all
120,über,above
121,müssen,must
122,diese,this
123,einfach,simply
124,euch,you
125,des,des
126,nie,never
127,Also,So
128,Wo,Where
129,los,go
130,Zeit,Time
131,Ihnen,Them
132,gibt,gives
133,wirklich,really
134,Hey,Hey
135,Danke,Thanks
136,deine,your
137,würde,would
138,soll,should
139,Da,There
140,hatte,had
141,Hier,Here
142,wissen,knowledge
143,bitte,please
144,viel,much
145,Dann,Then
146,So,So
147,gesagt,said
148,Ihr,Her
149,am,on
150,kein,no
151,Komm,Come
152,Wer,Who
153,zurück,back
154,wurde,became
155,In,In
156,wollte,wanted
157,Frau,Woman
158,Leben,Life
159,wäre,were
160,wo,where
161,damit,with it
162,Nicht,Not
163,Gott,God
164,Leute,People
165,kannst,can
166,heute,today
167,meinen,mean
168,dieser,this
169,dein,your
170,kommt,comes
171,kommen,come
172,willst,want
173,Na,N/a
174,wollen,want
175,sicher,secure
176,ganz,quite
177,Jetzt,Now
178,Mein,My
179,Mr,Mr
180,also,so
181,zur,to
182,Hast,Have
183,Gut,Good
184,hätte,would have
185,weil,because
186,tut,does
187,Hallo,Hello
188,Okay,OK
189,macht,might
190,waren,were
191,bis,until
192,Vielleicht,Perhaps
193,könnte,could
194,Eine,One
195,Bitte,Please
196,weg,away
197,seine,his
198,lassen,let
199,Vater,Father
200,gesehen,seen
201,Nun,Well
202,gerade,straight
203,Alles,Everything
204,glaube,believe
205,Tag,day
206,ab,away
207,Geld,Money
208,gemacht,made
209,nein,no
210,Sir,Sir
211,sollte,should
212,sagte,said
213,keinen,none
214,durch,through
215,zwei,two
216,diesen,this one
217,passiert,happened
218,wohl,probably
219,vielleicht,perhaps
220,ihre,her
221,Mutter,Mother
222,reden,talk
223,anderen,others
224,dachte,thought
225,daß,that
226,möchte,want
227,wirst,will
228,gehört,heard
229,Keine,No
230,raus,out
231,Meine,Mine
232,paar,couple
233,besser,better
234,ob,whether
235,her,here
236,musst,must
237,Ordnung,Order
238,meiner,mine
239,klar,clear
240,ihnen,them
241,Los,Go
242,diesem,this one
243,meinem,mine
244,lange,long
245,Lass,Let
246,dieses,this
247,helfen,help
248,unsere,our
249,Weg,Away
250,selbst,himself
251,Nur,Only
252,finden,find
253,Mal,Just
254,jemand,someone
255,denke,think
256,Ach,Oh
257,Nacht,Night
258,genau,Exactly
259,gar,even
260,sagt,says
261,Welt,World
262,Auf,On
263,Mädchen,Girl
264,ins,into the
265,hin,there
266,vom,from the
267,schön,nice
268,warum,Why
269,weiter,further
270,Leid,Sorrow
271,gleich,even
272,wer,who
273,Man,Man
274,ohne,without
275,Menschen,People
276,deinen,yours
277,leid,sorrow
278,Wieso,How come
279,dort,there
280,Als,As
281,Hause,home
282,sollten,should
283,davon,of that
284,zusammen,together
285,geben,give
286,Ok,OK
287,Hör,Listen
288,machst,do
289,Freund,Friend
290,richtig,correct
291,Angst,Fear
292,Bist,Are
293,Tut,Does
294,Mit,With
295,viele,many
296,sieht,sees
297,Haus,House
298,tot,dead
299,sollen,should
300,ganze,whole
301,andere,other
302,getan,did
303,okay,OK
304,rein,pure
305,Diese,This
306,Moment,moment
307,bleiben,remain
308,brauchen,need
309,Weil,Because
310,Kinder,Children
311,unter,under
312,Arbeit,Work
313,Für,For
314,Problem,problem
315,dafür,for that
316,Herr,Mister
317,Haben,Have
318,wegen,because of
319,geht's,it's okay
320,liebe,love
321,genug,enough
322,dabei,included
323,bringen,bring
324,Ihre,Her
325,ne,no
326,gegen,against
327,Weißt,You know
328,Sag,Say
329,schnell,fast
330,nun,so
331,eines,one
332,brauche,need
333,Abend,Evening
334,hatten,had
335,Jahre,Years
336,Mach,Do
337,Bruder,Brother
338,Sache,Matter
339,hören,hear
340,komm,come
341,Sohn,Son
342,seit,since
343,Morgen,Morning
344,drei,three
345,steht,stands
346,Scheiße,shit
347,mag,likes
348,sei,be
349,unser,our
350,konnte,could
351,habt,have
352,Oder,Or
353,einmal,once
354,heißt,is called
355,OK,OK
356,Willst,Want
357,Kopf,Head
358,Hilfe,Help
359,Familie,Family
360,Geh,Go
361,Baby,baby
362,Dich,You
363,Sind,Are
364,erst,first
365,fertig,complete
366,gefunden,found
367,seid,are
368,kam,came
369,nehmen,take
370,morgen,morning
371,sprechen,speak
372,Mir,Me
373,sofort,immediately
374,Kann,Can
375,Hat,Has
376,Jahren,years
377,Kind,child
378,seinen,his
379,Genau,Exactly
380,daran,to it
381,Junge,Boy
382,Minuten,minutes
383,bevor,before
384,Stadt,City
385,beim,at the
386,sterben,die
387,warst,were
388,Recht,Right
389,glauben,believe
390,Warte,Wait
391,darüber,about it
392,deiner,yours
393,deinem,yours
394,Ende,End
395,He,Hey
396,Dinge,Things
397,Namen,names
398,wahr,true
399,Alle,All
400,allein,alone
401,Natürlich,Naturally
402,töten,kill
403,Nichts,Nothing
404,Wirklich,Really
405,bekommen,receive
406,Männer,Men
407,vergessen,forget
408,Doch,But
409,dazu,in addition
410,gab,gave
411,später,later
412,wusste,knew
413,Augen,Eyes
414,Dank,Thanks to
415,Freunde,Friends
416,Jungs,guys
417,halten,hold
418,warten,wait
419,Glück,Luck
420,beide,both
421,gute,good
422,Dein,Your
423,kennen,know
424,Deine,Your
425,n,n
426,Hi,Hi
427,Dr,Dr
428,Auto,car
429,sage,saw
430,gehe,go
431,komme,come
432,Dir,You
433,mache,make
434,Von,From
435,Uhr,Clock
436,sehe,see
437,Teufel,Devil
438,sonst,otherwise
439,Art,Art
440,gern,gladly
441,Liebe,Love
442,jeden,every
443,könnten,could
444,ihren,your
445,Halt,Stop
446,Fall,case
447,Dad,Dad
448,Film,film
449,bisschen,a little
450,eigentlich,actually
451,weit,far
452,mach,do
453,Gib,Give
454,vorbei,over
455,verstehe,understand
456,danke,Thanks
457,drin,inside
458,Im,In the
459,Name,name
460,ganzen,entire
461,Musik,Music
462,würden,would
463,Tür,door
464,verrückt,crazy
465,solltest,should
466,denken,think
467,Noch,Still
468,dran,your turn
469,Sieh,See
470,lieber,Dear
471,Den,The
472,leben,life
473,Guten,Good
474,Um,Um
475,darauf,on it
476,Kein,No
477,stimmt,true
478,Kerl,guy
479,letzte,last
480,Job,job
481,verloren,lost
482,wurden,became
483,kenne,know
484,Ahnung,Idea
485,seiner,his
486,Grund,Reason
487,toll,great
488,Bis,Until
489,Verdammt,Damned
490,bald,soon
491,bereit,ready
492,all,all
493,jemanden,someone
494,hinter,behind
495,Schon,Already
496,Sehr,Very
497,Hand,hand
498,darf,may
499,Dieser,This
500,Frauen,Women
501,Euch,You
502,Idee,idea
503,runter,down
504,Macht,Power
505,draußen,outside
506,lang,long
507,Land,country
508,lass,let
509,Typ,type
510,hätten,would have
511,egal,doesn't matter
512,arbeiten,work
513,spät,late
514,stehen,stand
515,ok,OK
516,Gute,Good
517,gekommen,came
518,Bei,At
519,etwa,approximately
520,essen,eat
521,kleine,small
522,jeder,everyone
523,Schwester,Sister
524,Wasser,Water
525,spielen,play
526,Geschichte,Story
527,seinem,his
528,liegt,lies
529,sah,saw
530,Mom,Mom
531,Seite,Page
532,wenig,few
533,ruhig,quiet
534,Frage,Ask
535,meinst,mean
536,überhaupt,at all
537,fahren,drive
538,Ganz,Quite
539,Gehen,Go
540,Essen,Eat
541,Ruhe,Quiet
542,echt,real
543,versucht,tried
544,Tochter,Daughter
545,Kommt,Comes
546,Einen,A
547,ging,went
548,Jahr,Year
549,braucht,needs
550,fast,almost
551,neue,new
552,geh,go
553,ziemlich,quite
554,anders,different
555,siehst,see
556,Polizei,police
557,Stunden,Hours
558,musste,had to
559,Spiel,Game
560,gewesen,been
561,gerne,gladly
562,finde,find
563,erzählt,told
564,Tod,Death
565,Ort,Location
566,Chance,chance
567,bedeutet,means
568,War,Was
569,sag,say
570,sagst,say
571,fragen,questions
572,letzten,last
573,sogar,even
574,ersten,first
575,Sachen,Things
576,Wahrheit,Truth
577,einzige,only
578,kurz,short
579,denen,those
580,Spaß,Fun
581,Nach,After
582,oben,above
583,Mama,mama
584,schwer,difficult
585,Schule,School
586,je,ever
587,eben,even
588,Gesicht,Face
589,bestimmt,certainly
590,treffen,meet
591,niemand,no one
592,Woche,Week
593,Entschuldigung,Excuse me
594,Sorgen,Care for
595,warte,wait
596,natürlich,naturally
597,schlecht,bad
598,große,size
599,getötet,killed
600,verstehen,understand
601,hoffe,hope
602,Ah,Uh
603,Sei,Be
604,Zimmer,Room
605,hoch,high
606,unserer,ours
607,Tage,days
608,Teil,Part
609,Wann,When
610,suchen,seek
611,verlassen,leave
612,zeigen,show
613,wollten,wanted
614,lässt,lets
615,Wort,Word
616,eins,one
617,zwischen,between
618,Woher,From where
619,Schatz,Treasure
620,Wissen,To know
621,versuchen,attempt
622,Können,Can
623,Kannst,Can
624,nett,nice
625,Zu,To
626,kriegen,get
627,Geht,Goes
628,Arsch,ass
629,kleinen,small
630,Hab,Have
631,weiss,white
632,erste,first
633,läuft,running
634,kommst,come
635,Freundin,Girlfriend
636,Mensch,Person
637,beiden,both
638,Ding,thing
639,niemals,never
640,endlich,finally
641,Nimm,Take
642,muß,must
643,gehst,go
644,Heute,Today
645,denkst,think
646,Herz,Heart
647,Waffe,weapon
648,Soll,Should
649,tust,do
650,Dollar,dollar
651,nehme,take
652,Schau,Look
653,holen,fetch
654,oft,often
655,drauf,on it
656,anderes,other
657,Niemand,No one
658,unten,below
659,Wagen,Dare
660,Yeah,Yeah
661,Schön,Nice
662,wichtig,important
663,hättest,would have
664,allen,everyone
665,Miss,Miss
666,ihrer,theirs
667,gedacht,thought
668,Nummer,number
669,würdest,would
670,erzählen,tell
671,bleibt,remains
672,Auch,Also
673,Hände,hands
674,Blut,blood
675,Sehen,See
676,bloß,just
677,recht,right
678,bringt,brings
679,Bett,Bed
680,Lassen,Let
681,Eltern,Parents
682,gefällt,pleases
683,Schuld,Fault
684,eure,your
685,Plan,plan
686,Krieg,War
687,neuen,new
688,Klar,Clear
689,retten,save
690,guter,goods
691,während,while
692,ihrem,theirs
693,wären,would be
694,Fehler,Mistake
695,scheint,appears
696,Lasst,Let
697,gegeben,given
698,An,To
699,hör,listen
700,glücklich,happy
701,verdammt,damned
702,alt,old
703,Platz,Place
704,darum,therefore
705,Vielen,Many
706,falsch,incorrect
707,unseren,ours
708,schlafen,sleep
709,Sagen,Say
710,nächsten,next
711,fünf,five
712,frei,free
713,Vor,Before
714,fest,firmly
715,bereits,already
716,alleine,alone
717,Denn,Because
718,Zwei,Two
719,Fragen,Questions
720,möglich,possible
721,irgendwie,somehow
722,Papa,papa
723,lernen,learn
724,gestern,yesterday
725,hierher,here
726,Schiff,Ship
727,vier,four
728,irgendwas,something
729,Stimmt,True
730,Menge,Crowd
731,keiner,none
732,brauchst,need
733,Typen,Types
734,Dass,That
735,Stunde,Hour
736,Szene,scene
737,Hölle,hell
738,einige,some
739,Deshalb,For this reason
740,geworden,become
741,Telefon,phone
742,Darf,May
743,Feuer,Fire
744,Wollen,Want
745,Bin,Am
746,Alter,Old
747,Captain,Captain
748,Aus,Out of
749,Dieses,This
750,Probleme,problems
751,Jeder,Everyone
752,verstanden,understood
753,wann,When
754,alten,old
755,gibt's,there is
756,sondern,rather
757,guten,good
758,zwar,that is
759,eigenen,own
760,New,New
761,Körper,Body
762,hört,hears
763,Zum,For the
764,gebe,give
765,Kumpel,Buddy
766,Hund,Dog
767,nochmal,again
768,hab's,got it
769,früh,early
770,Hören,Hear
771,trinken,drink
772,besten,best
773,meines,mine
774,schaffen,create
775,alte,old ones
776,Luft,Air
777,Jemand,Someone
778,dürfen,may
779,Meister,Master
780,Erde,Earth
781,Seit,Since
782,Sicher,secure
783,Hört,Listen
784,Zukunft,Future
785,kaum,barely
786,funktioniert,functions
787,voll,full
788,Bleib,Stay
789,reicht,suffices
790,weh,sore
791,stellen,place
792,Siehst,See
793,kleiner,smaller
794,großen,big
795,Waffen,Weapons
796,Büro,Office
797,Wahl,Choice
798,verlieren,lose
799,Wochen,weeks
800,Damit,With it
801,Stück,Piece
802,lieben,love
803,allem,everything
804,getroffen,met
805,äh,uh
806,Am,On
807,geschafft,done
808,tue,do
809,gefallen,fallen
810,Tja,Well
811,Boss,boss
812,überall,everywhere
813,Sieht,Sees
814,passieren,happen
815,lustig,funny
816,Licht,Light
817,gebracht,brought
818,nennen,to name
819,Folge,Consequence
820,Gefühl,Feeling
821,völlig,fully
822,denkt,thinks
823,Schlüssel,Key
824,drüben,over
825,Richtig,Correct
826,wieso,how come
827,Leuten,people
828,Buch,Book
829,laufen,run
830,spielt,plays
831,früher,earlier
832,Sein,Be
833,krank,sick
834,gegangen,gone
835,fand,found
836,Seine,His
837,Pass,passport
838,fühle,feel
839,Himmel,Heaven
840,froh,glad
841,leicht,light
842,direkt,direct
843,langsam,slow
844,wolltest,wanted
845,erinnern,remember
846,zuerst,first
847,Krankenhaus,hospital
848,Viel,Much
849,beste,best
850,welche,which
851,genommen,taken
852,Arzt,Physician
853,unserem,ours
854,Idiot,idiot
855,Machen,Make
856,glaubst,believe
857,jede,every
858,Ohne,Without
859,groß,large
860,hattest,had
861,Äh,Uh
862,Jungen,boys
863,Rest,rest
864,Unsere,Our
865,versuche,try
866,Tagen,days
867,nächste,next
868,Entschuldigen,Excuse
869,Doktor,doctor
870,spricht,speaks
871,könnt,can
872,hält,holds
873,Team,team
874,Verstanden,Understood
875,kämpfen,battle
876,heiraten,marry
877,könntest,could
878,Wow,Wow
879,Etwas,Something
880,Straße,Street
881,Mist,Crap
882,König,king
883,redest,talk
884,kleines,small
885,lebt,lives
886,erklären,explain
887,worden,been
888,Millionen,Millions
889,Onkel,Uncle
890,kennst,know
891,sitzen,sit
892,dies,this
893,weniger,fewer
894,Kaffee,Coffee
895,ernst,serious
896,wollt,wanted
897,tragen,carry
898,Zeug,Things
899,trotzdem,despite it
900,Ihren,Your
901,kaufen,buy
902,Liste,list
903,ändern,change
904,Kampf,Battle
905,hasse,hate
906,Person,person
907,Mund,mouth
908,umbringen,kill
909,Präsident,president
910,Boden,Floor
911,Wohin,Where
912,machte,made
913,Party,party
914,gefragt,asked
915,Seht,See
916,irgendwo,somewhere
917,kümmern,take care
918,kennt,knows
919,verletzt,injured
920,Habt,Have
921,Nachricht,News
922,Willkommen,Welcome
923,vielen,many
924,hart,hard
925,lasse,let
926,total,total
927,Gefängnis,Jail
928,außer,except
929,Sicherheit,Security
930,Schnell,Fast
931,wem,whom
932,ehrlich,honest
933,interessiert,interested
934,Sex,sex
935,sagten,said
936,ziehen,pull
937,Welche,Which
938,Unser,Our
939,Augenblick,moment
940,angerufen,called
941,aufhören,stop
942,Klasse,Class
943,Bild,Picture
944,stark,strong
945,Dies,This
946,Eure,Your
947,zehn,ten
948,Sinn,sense
949,vorstellen,introduce
950,Traum,Dream
951,länger,longer
952,manchmal,sometimes
953,anrufen,call
954,sechs,six
955,Arschloch,asshole
956,sollst,you should
957,gestorben,died
958,Tages,day
959,war's,it was
960,verschwinden,disappear
961,Kraft,Power
962,gesprochen,spoken
963,heraus,out of here
964,genauso,just as
965,wärst,would be
966,Eins,One
967,damals,at that time
968,heißen,be called
969,Liebling,Darling
970,wahrscheinlich,probably
971,deshalb,for this reason
972,Stelle,position
973,halt,stop
974,erwartet,expected
975,solche,such
976,meisten,most
977,bringe,bring
978,still,silent
979,umgebracht,killed
980,Stimme,Agree
981,General,general
982,Geben,Give
983,Entschuldige,Sorry
984,Vergiss,Forget
985,rede,speech
986,führen,lead
987,Bewegung,Movement
988,höre,listen
989,Sonst,Otherwise
990,Geschäft,Business
991,werdet,will
992,konnten,could
993,wartet,waits
994,Raus,Out
